Scheme Name,wkt_geometry
Cullompton Town Centre Relief Road,"POLYGON((-3.388013 50.860879, -3.387353 50.86094, -3.38712 50.859954, -3.386368 50.858513, -3.385384 50.856895, -3.385341 50.8547, -3.386128 50.851488, -3.386986 50.851041, -3.38851 50.851163, -3.390377 50.851583, -3.389754 50.852328, -3.388231 50.852071, -3.387094 50.851949, -3.386149 50.854794, -3.386064 50.856527, -3.387823 50.859887, -3.388013 50.860879))"
Deep Lane Pedestrian / Cycle Bridge,"POLYGON((-4.060156 51.071707, -4.059706 51.071093, -4.060746 51.07085, -4.061165 51.071491, -4.060156 51.071707))"
A382 Widening Phase 2 MRN,"POLYGON((-3.634272 50.547725, -3.632078 50.546293, -3.631588 50.545958, -3.629989 50.545157, -3.629002 50.544796, -3.627945 50.544499, -3.627484 50.544612, -3.627006 50.544441, -3.625719 50.544319, -3.625102 50.544233, -3.623782 50.543968, -3.622752 50.543664, -3.622098 50.543419, -3.620408 50.542675, -3.619212 50.542246, -3.618386 50.541902, -3.618559 50.541779, -3.61933 50.54211, -3.620526 50.542536, -3.622205 50.543255, -3.623841 50.543797, -3.62471 50.543988, -3.625617 50.544158, -3.627098 50.54422, -3.627564 50.544025, -3.628052 50.544295, -3.629141 50.544649, -3.630193 50.545038, -3.631979 50.545931, -3.632365 50.546217, -3.634018 50.547278, -3.634517 50.547618, -3.634272 50.547725))"
A382 Live Labs Carbon Negative Project,"POLYGON((-3.634272 50.547725, -3.632078 50.546293, -3.631588 50.545958, -3.629989 50.545157, -3.629002 50.544796, -3.627945 50.544499, -3.627484 50.544612, -3.627006 50.544441, -3.625719 50.544319, -3.625102 50.544233, -3.623782 50.543968, -3.622752 50.543664, -3.622098 50.543419, -3.620408 50.542675, -3.619212 50.542246, -3.618386 50.541902, -3.618559 50.541779, -3.61933 50.54211, -3.620526 50.542536, -3.622205 50.543255, -3.623841 50.543797, -3.62471 50.543988, -3.625617 50.544158, -3.627098 50.54422, -3.627564 50.544025, -3.628052 50.544295, -3.629141 50.544649, -3.630193 50.545038, -3.631979 50.545931, -3.632365 50.546217, -3.634018 50.547278, -3.634517 50.547618, -3.636003 50.54889, -3.636796 50.549599, -3.638057 50.550458, -3.641372 50.55206, -3.64229 50.552704, -3.642291 50.552704, -3.643069 50.553369, -3.643427 50.55357, -3.644586 50.554507, -3.645691 50.555424, -3.645966 50.555745, -3.646932 50.558189, -3.648748 50.559987, -3.650014 50.561282, -3.652031 50.563231, -3.65339 50.564283, -3.652976 50.564526, -3.651731 50.563477, -3.649693 50.561514, -3.646495 50.558379, -3.645658 50.555748, -3.642654 50.553375, -3.641024 50.552162, -3.637998 50.550785, -3.634272 50.547725))"
Teign Estuary Trail Phase 3 - Passage House Inn to Bishopsteignton,"POLYGON((-3.583474 50.541458, -3.583006 50.540832, -3.579047 50.541862, -3.575975 50.542624, -3.572448 50.54298, -3.567381 50.543954, -3.562446 50.545331, -3.557167 50.545808, -3.548627 50.545304, -3.545802 50.545333, -3.538671 50.545986, -3.534336 50.547076, -3.532512 50.547867, -3.531418 50.548099, -3.532577 50.548454, -3.534572 50.547717, -3.538992 50.54664, -3.540301 50.546395, -3.543048 50.549967, -3.547382 50.549722, -3.548498 50.548058, -3.548691 50.546095, -3.557231 50.546586, -3.562467 50.546095, -3.567638 50.544677, -3.572574 50.543722, -3.576114 50.543272, -3.579633 50.542468, -3.583474 50.541458))"
Teign Estuary Trail Phase 1 - Bishopsteignton to Teignmouth A381,"POLYGON((-3.537369 50.54858, -3.536273 50.548702, -3.534433 50.548791, -3.533387 50.548754, -3.532705 50.548641, -3.53115 50.548184, -3.528269 50.54782, -3.526815 50.54752, -3.525018 50.547291, -3.523806 50.547141, -3.522851 50.54692, -3.521714 50.546647, -3.52063 50.546545, -3.51938 50.54648, -3.517535 50.546142, -3.516939 50.546078, -3.516301 50.546074, -3.516249 50.545959, -3.516939 50.545945, -3.517567 50.546013, -3.519391 50.546347, -3.520619 50.546405, -3.521735 50.546528, -3.523827 50.547001, -3.526311 50.547308, -3.526928 50.547404, -3.528333 50.54767, -3.531171 50.548021, -3.533049 50.548552, -3.534395 50.548614, -3.53623 50.548535, -3.537297 50.548392, -3.537369 50.54858))"
Tarka Trail Phase 4a - CSR Routes,"POLYGON((-4.15108 51.141677, -4.150463 51.141597, -4.151008 51.138904, -4.151571 51.138951, -4.15108 51.141677))"
Tarka Trail Phase 4a - safer roads fund,"POLYGON((-4.15108 51.141677, -4.150463 51.141597, -4.151008 51.138904, -4.151571 51.138951, -4.15108 51.141677))"
Tarka Trail Phase 4bc,"POLYGON((-4.151271 51.139018, -4.151309 51.138806, -4.151775 51.138893, -4.15226 51.139008, -4.152619 51.139109, -4.152802 51.139163, -4.153025 51.139048, -4.153123 51.138991, -4.153063 51.138803, -4.153301 51.138426, -4.153402 51.137847, -4.153272 51.137584, -4.15322 51.137245, -4.153467 51.136672, -4.153642 51.13576, -4.153612 51.135289, -4.153563 51.135107, -4.15376 51.134046, -4.154068 51.134033, -4.154023 51.134619, -4.153901 51.135178, -4.15403 51.135632, -4.153826 51.136699, -4.15359 51.137295, -4.153778 51.137837, -4.153628 51.138473, -4.153433 51.13885, -4.153572 51.139058, -4.153209 51.139254, -4.152941 51.139412, -4.152684 51.139402, -4.152086 51.139206, -4.151271 51.139018))"
Tarka Trail Phase 6,"POLYGON((-4.157742 51.1327, -4.157705 51.132613, -4.157673 51.132512, -4.157662 51.132434, -4.157445 51.132357, -4.15722 51.132222, -4.157125 51.132057, -4.157018 51.131882, -4.156997 51.13169, -4.157158 51.131492, -4.157415 51.131243, -4.15756 51.130994, -4.157592 51.130832, -4.157656 51.130573, -4.157667 51.130351, -4.157651 51.130159, -4.157683 51.12998, -4.157764 51.129772, -4.157866 51.12958, -4.157975 51.129358, -4.158071 51.129156, -4.158114 51.129015, -4.157943 51.128725, -4.157792 51.128462, -4.157599 51.128186, -4.157501 51.12797, -4.157431 51.127597, -4.157424 51.12734, -4.157399 51.127061, -4.157361 51.126519, -4.15734 51.126176, -4.157254 51.125008, -4.15727 51.124304, -4.157665 51.124297, -4.157746 51.126657, -4.157767 51.127681, -4.157896 51.12798, -4.158154 51.128381, -4.158347 51.128778, -4.158456 51.129065, -4.15823 51.129566, -4.158075 51.129852, -4.157994 51.13024, -4.158032 51.130458, -4.157876 51.130984, -4.15758 51.131448, -4.15734 51.131643, -4.157292 51.131862, -4.157462 51.132087, -4.157737 51.132249, -4.157876 51.13233, -4.157917 51.132437, -4.157971 51.132525, -4.157993 51.132575, -4.158036 51.132713, -4.157742 51.1327))"
E12 Signage,"POLYGON((-3.525571 50.703627, -3.525656 50.703817, -3.523253 50.704422, -3.520641 50.706131, -3.518264 50.706817, -3.51707 50.705666, -3.515711 50.706236, -3.515625 50.707778, -3.515153 50.708121, -3.508458 50.704748, -3.50805 50.705523, -3.506463 50.706406, -3.505325 50.706066, -3.504188 50.706963, -3.503466 50.706992, -3.50039 50.71051, -3.499703 50.712575, -3.4972 50.713677, -3.498137 50.714613, -3.496678 50.715238, -3.49509 50.716474, -3.492494 50.719857, -3.491979 50.720006, -3.491979 50.722601, -3.493116 50.72544, -3.494768 50.726527, -3.496335 50.726921, -3.500154 50.729203, -3.501012 50.73067, -3.503244 50.731321, -3.502192 50.73158, -3.502836 50.734798, -3.502393 50.734841, -3.501663 50.731391, -3.50215 50.731281, -3.500519 50.730887, -3.499689 50.729327, -3.496034 50.727192, -3.494382 50.726826, -3.492537 50.725658, -3.491364 50.722739, -3.491342 50.719872, -3.4922 50.719546, -3.494704 50.716121, -3.497279 50.714477, -3.49627 50.713635, -3.499217 50.712332, -3.499768 50.710292, -3.503015 50.706679, -3.504016 50.706596, -3.505032 50.705647, -3.506341 50.705986, -3.507621 50.705264, -3.508222 50.704232, -3.508208 50.704233, -3.515182 50.707631, -3.515074 50.706095, -3.51702 50.70521, -3.518572 50.706462, -3.52041 50.705822, -3.523071 50.704198, -3.525571 50.703627))"
Stoke Hill,"POLYGON((-3.515786 50.73452, -3.516172 50.734394, -3.516188 50.734075, -3.516505 50.734326, -3.516816 50.734133, -3.516789 50.734398, -3.517036 50.734584, -3.516601 50.734591, -3.516274 50.734802, -3.516204 50.734605, -3.515786 50.73452))"
Mosshayne to Cranbrook Active Travel Route,"POLYGON((-3.427606 50.744521, -3.427041 50.744081, -3.429151 50.742607, -3.435223 50.744059, -3.440351 50.741833, -3.445101 50.740965, -3.444579 50.739891, -3.445351 50.739769, -3.445973 50.741194, -3.441575 50.74205, -3.437734 50.743381, -3.435223 50.744671, -3.42943 50.743218, -3.427606 50.744521))"
Rifford Road Cycle Path (E12),"POLYGON((-3.498085 50.714641, -3.49723 50.714922, -3.496249 50.715455, -3.495106 50.716444, -3.49384 50.717884, -3.492751 50.719314, -3.492719 50.719765, -3.492499 50.719803, -3.492461 50.719504, -3.492579 50.719134, -3.493513 50.717799, -3.493515 50.717799, -3.49472 50.716383, -3.495932 50.715326, -3.497874 50.714402, -3.498085 50.714641))"
Safer Routes to School - Clyst Vale Footway,"POLYGON((-3.441389 50.758627, -3.441126 50.758539, -3.441373 50.758277, -3.441676 50.758365, -3.441389 50.758627))"
Exeter Cycle Parking,"POLYGON((-3.511877 50.761117, -3.460007 50.738845, -3.463097 50.712738, -3.479118 50.689512, -3.492165 50.684835, -3.504009 50.685488, -3.516483 50.679601, -3.523178 50.684278, -3.536625 50.689077, -3.545036 50.700603, -3.563519 50.706678, -3.565249 50.716247, -3.566108 50.724017, -3.569698 50.727355, -3.565807 50.729315, -3.566136 50.745282, -3.553491 50.745611, -3.53744 50.752915, -3.511877 50.761117))"
Sport England Newtown Exeter Ped/Cycle Infrastructure,"POLYGON((-3.520732 50.728782, -3.519402 50.729366, -3.518372 50.729576, -3.514112 50.730228, -3.513258 50.728402, -3.512707 50.725406, -3.511487 50.723662, -3.510861 50.722133, -3.523221 50.725169, -3.520689 50.727179, -3.520732 50.728782))"
Exeter LCWIP,"POLYGON((-3.511877 50.761117, -3.460007 50.738845, -3.463097 50.712738, -3.479118 50.689512, -3.492165 50.684835, -3.504009 50.685488, -3.516483 50.679601, -3.523178 50.684278, -3.536625 50.689077, -3.545036 50.700603, -3.563519 50.706678, -3.565249 50.716247, -3.566108 50.724017, -3.569698 50.727355, -3.565807 50.729315, -3.566136 50.745282, -3.553491 50.745611, -3.53744 50.752915, -3.511877 50.761117))"
East Devon LCWIP,"POLYGON((-3.457746 50.672773, -3.459606 50.692659, -3.470414 50.700453, -3.463254 50.712916, -3.46241 50.732136, -3.460427 50.739205, -3.465954 50.742024, -3.467896 50.744617, -3.475124 50.746218, -3.480746 50.746985, -3.487108 50.751595, -3.490663 50.753367, -3.494246 50.754222, -3.499911 50.754467, -3.50329 50.756035, -3.506795 50.758627, -3.507335 50.760589, -3.512417 50.761159, -3.534852 50.755901, -3.548638 50.748017, -3.550322 50.748778, -3.551588 50.74763, -3.551889 50.745133, -3.560922 50.744772, -3.567671 50.745526, -3.579708 50.741839, -3.58307 50.741623, -3.585548 50.744081, -3.581847 50.74645, -3.579004 50.748554, -3.573951 50.752702, -3.576504 50.754854, -3.569359 50.755709, -3.570589 50.760269, -3.556761 50.757958, -3.556353 50.758881, -3.559529 50.759932, -3.557491 50.762769, -3.551137 50.765284, -3.552117 50.771157, -3.547311 50.772758, -3.550229 50.774414, -3.563046 50.775034, -3.563361 50.779353, -3.567224 50.779597, -3.571901 50.788741, -3.557296 50.791342, -3.536568 50.791532, -3.525066 50.787082, -3.526154 50.797313, -3.519158 50.796445, -3.511906 50.804392, -3.511777 50.811389, -3.507142 50.812121, -3.496946 50.816897, -3.497636 50.810959, -3.498706 50.808335, -3.499875 50.806348, -3.502729 50.803907, -3.502364 50.798937, -3.491485 50.799785, -3.480788 50.799398, -3.477613 50.796326, -3.483431 50.794069, -3.478142 50.792706, -3.465471 50.801002, -3.459063 50.803223, -3.454871 50.800839, -3.446016 50.799859, -3.437791 50.807891, -3.426007 50.812504, -3.425485 50.811651, -3.419777 50.811441, -3.416837 50.809231, -3.41363 50.806925, -3.409091 50.804797, -3.402364 50.806431, -3.394244 50.807861, -3.380585 50.810684, -3.360329 50.812013, -3.362045 50.820987, -3.366723 50.820255, -3.367796 50.829771, -3.35638 50.833837, -3.35681 50.826599, -3.343635 50.825813, -3.341188 50.839935, -3.343377 50.846763, -3.329301 50.851776, -3.330417 50.856057, -3.321562 50.85757, -3.31913 50.855054, -3.284011 50.854346, -3.2757 50.859118, -3.282909 50.863642, -3.278103 50.86784, -3.265657 50.872011, -3.259606 50.876804, -3.246489 50.887719, -3.218164 50.893187, -3.208551 50.877051, -3.181858 50.876401, -3.164263 50.8816, -3.165379 50.885066, -3.141832 50.88912, -3.143985 50.891382, -3.124981 50.900773, -3.120861 50.897633, -3.090763 50.906064, -3.051853 50.908892, -3.054256 50.873375, -3.033657 50.861458, -3.036575 50.851163, -3.010826 50.857015, -2.997952 50.85138, -2.974606 50.855606, -2.953835 50.819615, -2.959328 50.815385, -2.89032 50.803128, -2.887058 50.791518, -2.896614 50.785319, -2.930775 50.782063, -2.954521 50.762753, -2.934637 50.75378, -2.938614 50.744012, -2.953892 50.727824, -2.947369 50.717717, -2.953377 50.712881, -2.983503 50.704619, -3.023386 50.697599, -3.064699 50.703042, -3.087101 50.695595, -3.095427 50.684828, -3.222456 50.679988, -3.266573 50.666934, -3.282795 50.648379, -3.30554 50.627585, -3.357353 50.61587, -3.357553 50.605801, -3.385363 50.605147, -3.422585 50.615979, -3.457746 50.672773))"
Dryden Road,"POLYGON((-3.50397 50.714233, -3.504501 50.714046, -3.505332 50.714019, -3.506175 50.714196, -3.506266 50.714049, -3.505381 50.713863, -3.504399 50.713893, -3.503834 50.714097, -3.50397 50.714233))"
Heavitree Road Co-Op,"POLYGON((-3.505504 50.721539, -3.505531 50.721399, -3.504265 50.721274, -3.504252 50.721413, -3.505504 50.721539))"
Heavitree Road Police Station,"POLYGON((-3.516769 50.723675, -3.516784 50.723583, -3.517601 50.723732, -3.517583 50.72382, -3.516769 50.723675))"
J29 Bus Lane,"POLYGON((-3.465178 50.730534, -3.459628 50.730603, -3.459306 50.728756, -3.46241 50.727043, -3.465779 50.728754, -3.465178 50.730534))"
Sowton P&R,"POLYGON((-3.473575 50.71657, -3.472068 50.7166, -3.472025 50.716183, -3.470778 50.716036, -3.469761 50.715846, -3.469756 50.715327, -3.472688 50.71573, -3.47352 50.715904, -3.473575 50.71657))"
Exeter Airport Bus Scheme,"POLYGON((-3.422005 50.729705, -3.416712 50.732274, -3.407807 50.732573, -3.404632 50.728919, -3.412163 50.728715, -3.422005 50.729705))"
Torbay Capital,"POLYGON((-3.516455 50.518424, -3.513565 50.516537, -3.495712 50.516728, -3.466873 50.458597, -3.541718 50.432361, -3.46962 50.398889, -3.495712 50.381159, -3.543892 50.373612, -3.557854 50.3799, -3.565493 50.391338, -3.627605 50.431719, -3.613987 50.446137, -3.591385 50.449211, -3.583832 50.477732, -3.569298 50.490559, -3.564119 50.487276, -3.562431 50.494108, -3.544064 50.497384, -3.536739 50.505512, -3.528843 50.506112, -3.520718 50.517636, -3.516455 50.518424))"
Torbay LCWIP,"POLYGON((-3.516455 50.518424, -3.513565 50.516537, -3.495712 50.516728, -3.466873 50.458597, -3.541718 50.432361, -3.46962 50.398889, -3.495712 50.381159, -3.543892 50.373612, -3.557854 50.3799, -3.565493 50.391338, -3.627605 50.431719, -3.613987 50.446137, -3.591385 50.449211, -3.583832 50.477732, -3.569298 50.490559, -3.564119 50.487276, -3.562431 50.494108, -3.544064 50.497384, -3.536739 50.505512, -3.528843 50.506112, -3.520718 50.517636, -3.516455 50.518424))"
Mid Devon LCWIP,"POLYGON((-3.89843 50.878019, -3.91943 50.898824, -3.867245 50.909217, -3.827934 50.90716, -3.74382 50.889621, -3.728199 50.910948, -3.643398 50.921446, -3.595047 50.943963, -3.630753 51.004277, -3.604603 51.007396, -3.534393 51.004263, -3.480835 51.033528, -3.420238 51.030397, -3.380585 51.017656, -3.377151 50.976494, -3.334579 50.98233, -3.291664 50.954223, -3.25407 50.942002, -3.168583 50.947734, -3.171844 50.924368, -3.187809 50.910082, -3.141403 50.890907, -3.186722 50.877261, -3.225861 50.891989, -3.276672 50.860144, -3.364906 50.830445, -3.35907 50.811575, -3.411255 50.804199, -3.424644 50.810925, -3.471451 50.794461, -3.515625 50.801433, -3.524237 50.786899, -3.548155 50.791233, -3.5711 50.78831, -3.561573 50.774906, -3.556309 50.758179, -3.575993 50.750746, -3.585777 50.743849, -3.641324 50.758396, -3.665142 50.759997, -3.671722 50.763774, -3.680778 50.749983, -3.691635 50.753675, -3.708243 50.748489, -3.723879 50.72815, -3.737898 50.723447, -3.732591 50.718568, -3.724051 50.71562, -3.731711 50.712577, -3.735094 50.708037, -3.733828 50.704463, -3.741925 50.705619, -3.750207 50.708636, -3.751945 50.714832, -3.766108 50.726121, -3.766301 50.727642, -3.774412 50.725279, -3.789454 50.72066, -3.795505 50.718595, -3.804646 50.71672, -3.817778 50.716856, -3.826017 50.730215, -3.835945 50.732136, -3.825188 50.740424, -3.816948 50.756526, -3.805833 50.759431, -3.819695 50.769637, -3.824315 50.775849, -3.822083 50.780679, -3.844013 50.781194, -3.839135 50.798045, -3.8445 50.811226, -3.839049 50.818873, -3.85231 50.817219, -3.859921 50.821203, -3.877795 50.818857, -3.882494 50.824713, -3.899603 50.834595, -3.883581 50.847031, -3.903937 50.848064, -3.908658 50.860689, -3.919387 50.862748, -3.925309 50.869736, -3.89843 50.878019))"
A361 North Devon Link Road,"POLYGON((-3.855579 51.038453, -3.860192 51.039937, -3.862875 51.041057, -3.868868 51.045875, -3.871372 51.047573, -3.874097 51.048423, -3.87753 51.048814, -3.890684 51.047532, -3.902142 51.049205, -3.917892 51.048935, -3.924608 51.049272, -3.931603 51.050055, -3.948491 51.052685, -3.950572 51.05286, -3.953104 51.052914, -3.954649 51.053076, -3.957202 51.053805, -3.959692 51.055059, -3.961301 51.055679, -3.967352 51.056947, -3.973618 51.058228, -3.975377 51.058727, -3.989131 51.064162, -3.99544 51.066536, -3.997457 51.067196, -3.99971 51.067641, -4.011426 51.068342, -4.024565 51.071, -4.029944 51.071929, -4.031425 51.071996, -4.031296 51.0717, -4.029815 51.071646, -4.02739 51.071255, -4.009752 51.067736, -4.005268 51.067466, -4.001148 51.067493, -3.996964 51.066751, -3.989282 51.063893, -3.974712 51.058161, -3.961515 51.055477, -3.957911 51.053791, -3.955357 51.052887, -3.952761 51.052591, -3.950508 51.052577, -3.948469 51.052375, -3.934565 51.050109, -3.92611 51.049124, -3.921583 51.048773, -3.918171 51.048598, -3.902485 51.048814, -3.890598 51.047047, -3.87738 51.048382, -3.87356 51.047816, -3.870792 51.046561, -3.863862 51.040989, -3.860815 51.039559, -3.855836 51.037994, -3.855579 51.038453))"
Bideford to Westward Ho! Cycle Route (Kenwith Valley Trail),"POLYGON((-4.200983 51.016509, -4.201334 51.015727, -4.205539 51.016564, -4.204466 51.020357, -4.207335 51.020855, -4.207385 51.02029, -4.210725 51.021057, -4.210746 51.021908, -4.218943 51.022826, -4.228778 51.022422, -4.23362 51.022866, -4.237576 51.023691, -4.242854 51.025351, -4.25266 51.026971, -4.256773 51.027887, -4.263296 51.02929, -4.265034 51.031261, -4.258111 51.037078, -4.253082 51.039478, -4.239564 51.040908, -4.23789 51.041934, -4.217763 51.045117, -4.216862 51.044038, -4.236388 51.041232, -4.23789 51.040099, -4.252353 51.038561, -4.256902 51.036375, -4.263124 51.031274, -4.262094 51.029763, -4.256172 51.028737, -4.252267 51.028008, -4.242353 51.026335, -4.236989 51.024688, -4.233084 51.02377, -4.228492 51.023419, -4.218493 51.023851, -4.209695 51.022772, -4.209094 51.021638, -4.206991 51.021692, -4.206877 51.021938, -4.203215 51.021233, -4.204202 51.017102, -4.200983 51.016509))"
Clovelly Road Corridor,"POLYGON((-4.242584 51.009151, -4.242627 51.008948, -4.240082 51.008628, -4.2385 51.008453, -4.236351 51.008334, -4.236351 51.008493, -4.238491 51.008631, -4.240052 51.008817, -4.242584 51.009151))"
Landkey to Newport,"POLYGON((-4.046284 51.071498, -4.043548 51.070547, -4.04277 51.07022, -4.042492 51.070038, -4.04202 51.069647, -4.040984 51.068814, -4.04033 51.068228, -4.040018 51.067955, -4.039573 51.067382, -4.039348 51.067035, -4.039166 51.066859, -4.038833 51.06663, -4.039144 51.066461, -4.039471 51.066748, -4.039782 51.067072, -4.040142 51.067496, -4.04048 51.067891, -4.041182 51.068541, -4.041976 51.069151, -4.042867 51.069944, -4.043419 51.070166, -4.044256 51.070493, -4.045447 51.070914, -4.046456 51.071305, -4.046284 51.071498))"
Longbridge Junction Improvements,"POLYGON((-4.060891 51.077083, -4.060459 51.076908, -4.060678 51.076712, -4.060528 51.076614, -4.060752 51.076398, -4.061188 51.076571, -4.06144 51.076416, -4.061483 51.076304, -4.06158 51.076224, -4.061628 51.075924, -4.061687 51.075735, -4.061767 51.075647, -4.061885 51.07558, -4.061982 51.075479, -4.062229 51.075593, -4.061966 51.075799, -4.061848 51.075977, -4.061885 51.076122, -4.061987 51.07622, -4.062138 51.076294, -4.062207 51.076426, -4.062079 51.076594, -4.06168 51.076729, -4.06124 51.076928, -4.060891 51.077083))"
Appledore to Bideford,"POLYGON((-4.197078 51.057338, -4.195833 51.056704, -4.195154 51.05645, -4.194553 51.055978, -4.194059 51.055614, -4.193759 51.055452, -4.193072 51.0556, -4.19245 51.055007, -4.192171 51.054818, -4.191399 51.054764, -4.190991 51.054737, -4.190519 51.054467, -4.190304 51.054143, -4.190412 51.053402, -4.190347 51.052903, -4.190283 51.052525, -4.190197 51.052066, -4.190369 51.051729, -4.192128 51.0515, -4.19157 51.051095, -4.191356 51.05069, -4.191291 51.050205, -4.191227 51.049922, -4.191184 51.049449, -4.19127 51.049126, -4.191334 51.048842, -4.191356 51.048559, -4.191291 51.048141, -4.191098 51.047763, -4.190927 51.047453, -4.190798 51.047183, -4.190819 51.046886, -4.190991 51.04663, -4.191206 51.046374, -4.191356 51.046131, -4.191613 51.045875, -4.192042 51.045672, -4.192343 51.045591, -4.193094 51.04551, -4.193802 51.04547, -4.194875 51.045483, -4.195862 51.045605, -4.196634 51.045618, -4.197171 51.045591, -4.198351 51.045726, -4.199696 51.045792, -4.200926 51.045807, -4.201527 51.045794, -4.2026 51.044714, -4.203758 51.044013, -4.204574 51.043028, -4.204895 51.042043, -4.205153 51.041382, -4.205883 51.041045, -4.206784 51.040964, -4.207599 51.040761, -4.208286 51.040411, -4.208758 51.04006, -4.209144 51.039426, -4.209616 51.038724, -4.210217 51.038211, -4.210947 51.037834, -4.211612 51.037537, -4.212191 51.03697, -4.212599 51.036457, -4.212685 51.036107, -4.212492 51.03554, -4.212363 51.034676, -4.212084 51.033772, -4.211783 51.03303, -4.211762 51.032396, -4.211891 51.031708, -4.210961 51.031625, -4.209788 51.031586, -4.208629 51.031586, -4.207706 51.031586, -4.206376 51.031613, -4.204895 51.031667, -4.203951 51.031397, -4.203737 51.031006, -4.203458 51.030318, -4.203372 51.029751, -4.203286 51.0294, -4.202843 51.027445, -4.202228 51.024715, -4.202585 51.022694, -4.202757 51.021398, -4.203944 51.018506, -4.204288 51.016428, -4.205918 51.016536, -4.205275 51.018857, -4.207506 51.018992, -4.209323 51.019293, -4.211211 51.019887, -4.212155 51.021425, -4.213142 51.022613, -4.214301 51.023801, -4.215288 51.025771, -4.215159 51.027661, -4.214816 51.029496, -4.214516 51.031358, -4.214301 51.033275, -4.214644 51.034948, -4.215589 51.036513, -4.216704 51.037997, -4.217305 51.039481, -4.217906 51.041883, -4.218764 51.043826, -4.219866 51.045657, -4.217477 51.046713, -4.215417 51.046982, -4.213872 51.046497, -4.212155 51.046497, -4.210725 51.047087, -4.20948 51.048895, -4.207821 51.050948, -4.206208 51.052685, -4.205103 51.053859, -4.203107 51.054654, -4.201183 51.056045, -4.199338 51.057273, -4.197078 51.057338))"
"Barnstaple, Bideford, Northam LCWIP","POLYGON((-4.094009 51.090208, -4.048004 51.10142, -4.014359 51.070365, -4.08371 51.056124, -4.168854 51.00344, -4.252625 50.999983, -4.240036 51.059955, -4.094009 51.090208))"
Braunton Road Bus Lane and Bus Gate,"POLYGON((-4.076947 51.087216, -4.077365 51.086899, -4.075205 51.085993, -4.073687 51.085619, -4.072577 51.085292, -4.07236 51.085612, -4.073558 51.086037, -4.074941 51.086384, -4.075997 51.086775, -4.076947 51.087216))"
Barnstaple Train Station Forecourt Improvements,"POLYGON((-4.065308 51.074653, -4.065077 51.074687, -4.064804 51.074626, -4.064702 51.074565, -4.064562 51.074471, -4.064487 51.074441, -4.06438 51.074434, -4.064265 51.074491, -4.064158 51.074548, -4.064067 51.074561, -4.063933 51.074578, -4.062903 51.074053, -4.062696 51.073945, -4.062731 51.07379, -4.062642 51.073696, -4.06254 51.073601, -4.062452 51.07353, -4.062529 51.073436, -4.0633 51.073867, -4.063205 51.073955, -4.063715 51.074238, -4.064153 51.073938, -4.064861 51.074211, -4.065349 51.074602, -4.065308 51.074653))"
Ogwell to Newton Abbot cycle route Phase 2abc,"POLYGON((-3.621036 50.52428, -3.620789 50.524137, -3.619684 50.525146, -3.620081 50.525487, -3.620285 50.525317, -3.619974 50.525132, -3.621036 50.52428))"
"Indio Road Vehicle and Access Lane Modal Filter, Bovey Tracey","POLYGON((-3.676967 50.589797, -3.676584 50.589742, -3.676777 50.589272, -3.677174 50.589347, -3.676967 50.589797))"
Ogwell to Newton Abbot cycle route Phase 2d,"POLYGON((-3.621186 50.523843, -3.620532 50.523659, -3.620918 50.522663, -3.621991 50.523045, -3.621787 50.523277, -3.621143 50.523079, -3.620993 50.523427, -3.621411 50.523666, -3.621186 50.523843))"
Teignbridge LCWIP,"POLYGON((-3.421841 50.613535, -3.445444 50.63047, -3.460693 50.676011, -3.481579 50.688744, -3.501434 50.694558, -3.507671 50.691294, -3.538656 50.692876, -3.544736 50.701544, -3.55206 50.70502, -3.563232 50.70717, -3.565936 50.724099, -3.569555 50.744772, -3.628407 50.756007, -3.672037 50.763723, -3.679676 50.749497, -3.708258 50.748574, -3.724651 50.727607, -3.73744 50.723097, -3.72448 50.715435, -3.735552 50.70326, -3.732033 50.697008, -3.809109 50.693583, -3.807564 50.682218, -3.797178 50.675039, -3.805389 50.656589, -3.843012 50.646855, -3.87208 50.614944, -3.883181 50.595286, -3.8764 50.575231, -3.875141 50.543558, -3.874283 50.534285, -3.844242 50.53363, -3.824158 50.515732, -3.802185 50.53614, -3.797894 50.520644, -3.776608 50.495862, -3.791485 50.49432, -3.796864 50.489419, -3.792572 50.477732, -3.774033 50.463091, -3.75864 50.469422, -3.757439 50.474884, -3.767824 50.481767, -3.767138 50.491378, -3.765335 50.495419, -3.768997 50.504093, -3.756065 50.510541, -3.736067 50.505628, -3.718386 50.492634, -3.712034 50.481876, -3.670979 50.464553, -3.653669 50.471279, -3.626976 50.465871, -3.613243 50.46964, -3.609638 50.48264, -3.597364 50.483842, -3.584232 50.477179, -3.568239 50.492627, -3.54455 50.497432, -3.520632 50.517199, -3.509045 50.516326, -3.495655 50.539624, -3.476486 50.559633, -3.475742 50.55964, -3.467131 50.561868, -3.464127 50.577677, -3.442755 50.591138, -3.421841 50.613535))"
Freeport Langage Access Road Phase 1b,"POLYGON((-4.017198 50.381419, -4.016969 50.380094, -4.009023 50.380133, -4.009259 50.384101, -4.012012 50.383925, -4.011533 50.382268, -4.017198 50.381419))"
Boniface Trail,"POLYGON((-3.648176 50.793465, -3.652811 50.790643, -3.646975 50.782666, -3.613586 50.775123, -3.585005 50.767578, -3.569698 50.763174, -3.556137 50.754052, -3.549871 50.7452, -3.543606 50.746503, -3.551245 50.755681, -3.566694 50.766214, -3.58386 50.771154, -3.610983 50.779675, -3.648176 50.793465))"
Sidbury to Sidford,"POLYGON((-3.223922 50.713547, -3.223629 50.713281, -3.224738 50.712684, -3.22512 50.709395, -3.226912 50.707534, -3.227223 50.70731, -3.227674 50.706195, -3.227195 50.706101, -3.227377 50.705435, -3.22772 50.705496, -3.228189 50.706093, -3.227652 50.707405, -3.227191 50.707833, -3.225635 50.709423, -3.225228 50.712833, -3.223922 50.713547))"
Uplyme Footway,"POLYGON((-2.955344 50.734652, -2.955426 50.73452, -2.954689 50.734303, -2.954037 50.734228, -2.953724 50.734146, -2.953627 50.734286, -2.953981 50.734371, -2.954679 50.734462, -2.955344 50.734652))"
Ilfracombe Mini LCWIP,"POLYGON((-4.12734 51.211131, -4.137383 51.204087, -4.129686 51.193391, -4.119558 51.194574, -4.100075 51.20205, -4.09544 51.21216, -4.12734 51.211131))"
Seaton to Colyford Phases 2 & 3,"POLYGON((-3.065928 50.713835, -3.065692 50.714804, -3.067172 50.715072, -3.067435 50.715496, -3.067406 50.716447, -3.06775 50.717024, -3.066636 50.717888, -3.066387 50.717775, -3.067385 50.716984, -3.067127 50.716651, -3.067047 50.715547, -3.066875 50.715248, -3.06562 50.715075, -3.06533 50.714857, -3.065593 50.713808, -3.065928 50.713835))"
A386 Great Torrington Crossing,"POLYGON((-4.139786 50.952381, -4.139594 50.952277, -4.139782 50.952142, -4.139968 50.952253, -4.139786 50.952381))"
"Woolbrook Road Crossing, Sidmouth","POLYGON((-3.243549 50.69516, -3.243029 50.695031, -3.242546 50.694834, -3.24226 50.694721, -3.241922 50.694592, -3.241745 50.694517, -3.241897 50.694365, -3.242546 50.694623, -3.243118 50.694861, -3.243633 50.695003, -3.243549 50.69516))"
Crediton Road Crossing,"POLYGON((-3.986945 50.745733, -3.986768 50.745591, -3.987352 50.745357, -3.987501 50.745502, -3.986945 50.745733))"
B3213 Exeter Road Crossing,"POLYGON((-3.91528 50.390873, -3.915018 50.390935, -3.914911 50.390785, -3.915179 50.390723, -3.91528 50.390873))"
Drakes Trail - Yelverton to Dousland,"POLYGON((-4.086174 50.491849, -4.083956 50.492614, -4.082408 50.491562, -4.081553 50.491966, -4.080191 50.492116, -4.07581 50.496572, -4.07479 50.496296, -4.07471 50.496391, -4.074023 50.496251, -4.07225 50.496067, -4.067613 50.496081, -4.065049 50.49606, -4.063171 50.496156, -4.061433 50.496422, -4.061272 50.496224, -4.063053 50.495965, -4.065381 50.495842, -4.072623 50.495903, -4.074608 50.496142, -4.074715 50.496012, -4.075638 50.496299, -4.07994 50.491897, -4.081432 50.491678, -4.082451 50.491153, -4.083989 50.49228, -4.085884 50.491562, -4.086174 50.491849))"
Slapton Line Minor Network Improvements,"POLYGON((-3.72802 50.349598, -3.660944 50.355019, -3.629572 50.310408, -3.660564 50.293072, -3.679436 50.273318, -3.699639 50.272797, -3.715968 50.30908, -3.72802 50.349598))"
Elm Grove Road crossing improvement,"POLYGON((-3.461827 50.583268, -3.461537 50.583108, -3.461815 50.582859, -3.462149 50.583036, -3.461827 50.583268))"
Dinan Way,"POLYGON((-3.401674 50.644668, -3.401712 50.644436, -3.403875 50.644525, -3.405 50.644467, -3.406582 50.64411, -3.408247 50.643705, -3.411191 50.643528, -3.412941 50.643165, -3.413031 50.643338, -3.411287 50.643702, -3.410064 50.64381, -3.408294 50.643923, -3.406733 50.644307, -3.405075 50.644647, -3.403927 50.644715, -3.401674 50.644668))"
Honiton Bus Stop Accessibility,"POLYGON((-3.174906 50.80605, -3.176279 50.796828, -3.190098 50.786791, -3.22031 50.786031, -3.218765 50.792596, -3.199539 50.802524, -3.174906 50.80605))"
Axminster Bus Stop Accessibility,"POLYGON((-2.99037 50.794224, -2.976723 50.789938, -2.985449 50.77669, -3.003731 50.769959, -3.01054 50.774471, -2.99037 50.794224))"
School Crossings Package,"POLYGON((-4.197006 50.429094, -4.395905 50.772076, -4.497528 50.795519, -4.421082 50.87022, -4.549713 50.929007, -4.530487 51.035349, -4.397278 51.007706, -4.286041 51.014619, -4.243469 51.212045, -3.724365 51.249882, -3.858948 51.146617, -3.587723 51.050459, -3.611298 51.008192, -3.527527 51.0056, -3.509674 51.034971, -3.373718 51.01856, -2.887001 50.802246, -2.889748 50.789009, -2.958412 50.763391, -2.946854 50.716488, -2.991714 50.698197, -3.236847 50.674706, -3.354263 50.60198, -3.4655 50.581929, -3.500061 50.514354, -3.583603 50.481104, -3.593445 50.448378, -3.618965 50.442638, -3.629036 50.427358, -3.597107 50.407232, -3.580284 50.408326, -3.545837 50.373058, -3.506813 50.379654, -3.519974 50.340257, -3.604202 50.316093, -3.644028 50.287146, -3.645172 50.223598, -3.713837 50.195474, -3.797607 50.206022, -3.874512 50.235018, -3.899231 50.286817, -4.007721 50.300854, -4.035187 50.29156, -4.118958 50.318751, -4.127884 50.347021, -4.088631 50.342831, -4.054184 50.360849, -4.053955 50.375686, -4.023056 50.376562, -4.015503 50.39101, -4.115067 50.442201, -4.197006 50.429094))"
Road Safety School Gate Improvement Pot,"POLYGON((-4.197006 50.429094, -4.395905 50.772076, -4.497528 50.795519, -4.421082 50.87022, -4.549713 50.929007, -4.530487 51.035349, -4.397278 51.007706, -4.286041 51.014619, -4.243469 51.212045, -3.724365 51.249882, -3.858948 51.146617, -3.587723 51.050459, -3.611298 51.008192, -3.527527 51.0056, -3.509674 51.034971, -3.373718 51.01856, -2.887001 50.802246, -2.889748 50.789009, -2.958412 50.763391, -2.946854 50.716488, -2.991714 50.698197, -3.236847 50.674706, -3.354263 50.60198, -3.4655 50.581929, -3.500061 50.514354, -3.583603 50.481104, -3.593445 50.448378, -3.618965 50.442638, -3.629036 50.427358, -3.597107 50.407232, -3.580284 50.408326, -3.545837 50.373058, -3.506813 50.379654, -3.519974 50.340257, -3.604202 50.316093, -3.644028 50.287146, -3.645172 50.223598, -3.713837 50.195474, -3.797607 50.206022, -3.874512 50.235018, -3.899231 50.286817, -4.007721 50.300854, -4.035187 50.29156, -4.118958 50.318751, -4.127884 50.347021, -4.088631 50.342831, -4.054184 50.360849, -4.053955 50.375686, -4.023056 50.376562, -4.015503 50.39101, -4.115067 50.442201, -4.197006 50.429094))"
Shared Mobility,"POLYGON((-4.197006 50.429094, -4.395905 50.772076, -4.497528 50.795519, -4.421082 50.87022, -4.549713 50.929007, -4.530487 51.035349, -4.397278 51.007706, -4.286041 51.014619, -4.243469 51.212045, -3.724365 51.249882, -3.858948 51.146617, -3.587723 51.050459, -3.611298 51.008192, -3.527527 51.0056, -3.509674 51.034971, -3.373718 51.01856, -2.887001 50.802246, -2.889748 50.789009, -2.958412 50.763391, -2.946854 50.716488, -2.991714 50.698197, -3.236847 50.674706, -3.354263 50.60198, -3.4655 50.581929, -3.500061 50.514354, -3.583603 50.481104, -3.593445 50.448378, -3.618965 50.442638, -3.629036 50.427358, -3.597107 50.407232, -3.580284 50.408326, -3.545837 50.373058, -3.506813 50.379654, -3.519974 50.340257, -3.604202 50.316093, -3.644028 50.287146, -3.645172 50.223598, -3.713837 50.195474, -3.797607 50.206022, -3.874512 50.235018, -3.899231 50.286817, -4.007721 50.300854, -4.035187 50.29156, -4.118958 50.318751, -4.127884 50.347021, -4.088631 50.342831, -4.054184 50.360849, -4.053955 50.375686, -4.023056 50.376562, -4.015503 50.39101, -4.115067 50.442201, -4.197006 50.429094))"
Countywide and School Cycle Parking,"POLYGON((-4.197006 50.429094, -4.395905 50.772076, -4.497528 50.795519, -4.421082 50.87022, -4.549713 50.929007, -4.530487 51.035349, -4.397278 51.007706, -4.286041 51.014619, -4.243469 51.212045, -3.724365 51.249882, -3.858948 51.146617, -3.587723 51.050459, -3.611298 51.008192, -3.527527 51.0056, -3.509674 51.034971, -3.373718 51.01856, -2.887001 50.802246, -2.889748 50.789009, -2.958412 50.763391, -2.946854 50.716488, -2.991714 50.698197, -3.236847 50.674706, -3.354263 50.60198, -3.4655 50.581929, -3.500061 50.514354, -3.583603 50.481104, -3.593445 50.448378, -3.618965 50.442638, -3.629036 50.427358, -3.597107 50.407232, -3.580284 50.408326, -3.545837 50.373058, -3.506813 50.379654, -3.519974 50.340257, -3.604202 50.316093, -3.644028 50.287146, -3.645172 50.223598, -3.713837 50.195474, -3.797607 50.206022, -3.874512 50.235018, -3.899231 50.286817, -4.007721 50.300854, -4.035187 50.29156, -4.118958 50.318751, -4.127884 50.347021, -4.088631 50.342831, -4.054184 50.360849, -4.053955 50.375686, -4.023056 50.376562, -4.015503 50.39101, -4.115067 50.442201, -4.197006 50.429094))"
20 MPH Schemes,"POLYGON((-4.197006 50.429094, -4.395905 50.772076, -4.497528 50.795519, -4.421082 50.87022, -4.549713 50.929007, -4.530487 51.035349, -4.397278 51.007706, -4.286041 51.014619, -4.243469 51.212045, -3.724365 51.249882, -3.858948 51.146617, -3.587723 51.050459, -3.611298 51.008192, -3.527527 51.0056, -3.509674 51.034971, -3.373718 51.01856, -2.887001 50.802246, -2.889748 50.789009, -2.958412 50.763391, -2.946854 50.716488, -2.991714 50.698197, -3.236847 50.674706, -3.354263 50.60198, -3.4655 50.581929, -3.500061 50.514354, -3.583603 50.481104, -3.593445 50.448378, -3.618965 50.442638, -3.629036 50.427358, -3.597107 50.407232, -3.580284 50.408326, -3.545837 50.373058, -3.506813 50.379654, -3.519974 50.340257, -3.604202 50.316093, -3.644028 50.287146, -3.645172 50.223598, -3.713837 50.195474, -3.797607 50.206022, -3.874512 50.235018, -3.899231 50.286817, -4.007721 50.300854, -4.035187 50.29156, -4.118958 50.318751, -4.127884 50.347021, -4.088631 50.342831, -4.054184 50.360849, -4.053955 50.375686, -4.023056 50.376562, -4.015503 50.39101, -4.115067 50.442201, -4.197006 50.429094))"
Countywide LCWIP,"POLYGON((-4.197006 50.429094, -4.395905 50.772076, -4.497528 50.795519, -4.421082 50.87022, -4.549713 50.929007, -4.530487 51.035349, -4.397278 51.007706, -4.286041 51.014619, -4.243469 51.212045, -3.724365 51.249882, -3.858948 51.146617, -3.587723 51.050459, -3.611298 51.008192, -3.527527 51.0056, -3.509674 51.034971, -3.373718 51.01856, -2.887001 50.802246, -2.889748 50.789009, -2.958412 50.763391, -2.946854 50.716488, -2.991714 50.698197, -3.236847 50.674706, -3.354263 50.60198, -3.4655 50.581929, -3.500061 50.514354, -3.583603 50.481104, -3.593445 50.448378, -3.618965 50.442638, -3.629036 50.427358, -3.597107 50.407232, -3.580284 50.408326, -3.545837 50.373058, -3.506813 50.379654, -3.519974 50.340257, -3.604202 50.316093, -3.644028 50.287146, -3.645172 50.223598, -3.713837 50.195474, -3.797607 50.206022, -3.874512 50.235018, -3.899231 50.286817, -4.007721 50.300854, -4.035187 50.29156, -4.118958 50.318751, -4.127884 50.347021, -4.088631 50.342831, -4.054184 50.360849, -4.053955 50.375686, -4.023056 50.376562, -4.015503 50.39101, -4.115067 50.442201, -4.197006 50.429094))"
Decarbonisation of Buses (part-funded),"POLYGON((-4.197006 50.429094, -4.395905 50.772076, -4.497528 50.795519, -4.421082 50.87022, -4.549713 50.929007, -4.530487 51.035349, -4.397278 51.007706, -4.286041 51.014619, -4.243469 51.212045, -3.724365 51.249882, -3.858948 51.146617, -3.587723 51.050459, -3.611298 51.008192, -3.527527 51.0056, -3.509674 51.034971, -3.373718 51.01856, -2.887001 50.802246, -2.889748 50.789009, -2.958412 50.763391, -2.946854 50.716488, -2.991714 50.698197, -3.236847 50.674706, -3.354263 50.60198, -3.4655 50.581929, -3.500061 50.514354, -3.508759 50.482415, -3.4655 50.463187, -3.478546 50.449635, -3.545151 50.445699, -3.549271 50.421644, -3.545837 50.407642, -3.474426 50.401515, -3.496399 50.376999, -3.519974 50.340257, -3.604202 50.316093, -3.644028 50.287146, -3.645172 50.223598, -3.713837 50.195474, -3.797607 50.206022, -3.874512 50.235018, -3.899231 50.286817, -4.007721 50.300854, -4.035187 50.29156, -4.118958 50.318751, -4.127884 50.347021, -4.088631 50.342831, -4.054184 50.360849, -4.053955 50.375686, -4.023056 50.376562, -4.015503 50.39101, -4.115067 50.442201, -4.156952 50.43914, -4.197006 50.429094))"
Additional / Replacement Bus Shelters,"POLYGON((-4.197006 50.429094, -4.395905 50.772076, -4.497528 50.795519, -4.421082 50.87022, -4.549713 50.929007, -4.530487 51.035349, -4.397278 51.007706, -4.286041 51.014619, -4.243469 51.212045, -3.724365 51.249882, -3.858948 51.146617, -3.587723 51.050459, -3.611298 51.008192, -3.527527 51.0056, -3.509674 51.034971, -3.373718 51.01856, -2.887001 50.802246, -2.889748 50.789009, -2.958412 50.763391, -2.946854 50.716488, -2.991714 50.698197, -3.236847 50.674706, -3.354263 50.60198, -3.4655 50.581929, -3.500061 50.514354, -3.508759 50.482415, -3.4655 50.463187, -3.478546 50.449635, -3.545151 50.445699, -3.549271 50.421644, -3.545837 50.407642, -3.474426 50.401515, -3.496399 50.376999, -3.519974 50.340257, -3.604202 50.316093, -3.644028 50.287146, -3.645172 50.223598, -3.713837 50.195474, -3.797607 50.206022, -3.874512 50.235018, -3.899231 50.286817, -4.007721 50.300854, -4.035187 50.29156, -4.118958 50.318751, -4.127884 50.347021, -4.088631 50.342831, -4.054184 50.360849, -4.053955 50.375686, -4.023056 50.376562, -4.015503 50.39101, -4.115067 50.442201, -4.156952 50.43914, -4.197006 50.429094))"
Lighting and CCTV at Key Interchanges,"POLYGON((-4.197006 50.429094, -4.395905 50.772076, -4.497528 50.795519, -4.421082 50.87022, -4.549713 50.929007, -4.530487 51.035349, -4.397278 51.007706, -4.286041 51.014619, -4.243469 51.212045, -3.724365 51.249882, -3.858948 51.146617, -3.587723 51.050459, -3.611298 51.008192, -3.527527 51.0056, -3.509674 51.034971, -3.373718 51.01856, -2.887001 50.802246, -2.889748 50.789009, -2.958412 50.763391, -2.946854 50.716488, -2.991714 50.698197, -3.236847 50.674706, -3.354263 50.60198, -3.4655 50.581929, -3.500061 50.514354, -3.508759 50.482415, -3.4655 50.463187, -3.478546 50.449635, -3.545151 50.445699, -3.549271 50.421644, -3.545837 50.407642, -3.474426 50.401515, -3.496399 50.376999, -3.519974 50.340257, -3.604202 50.316093, -3.644028 50.287146, -3.645172 50.223598, -3.713837 50.195474, -3.797607 50.206022, -3.874512 50.235018, -3.899231 50.286817, -4.007721 50.300854, -4.035187 50.29156, -4.118958 50.318751, -4.127884 50.347021, -4.088631 50.342831, -4.054184 50.360849, -4.053955 50.375686, -4.023056 50.376562, -4.015503 50.39101, -4.115067 50.442201, -4.156952 50.43914, -4.197006 50.429094))"
Bus Stop Infrastructure,"POLYGON((-4.197006 50.429094, -4.395905 50.772076, -4.497528 50.795519, -4.421082 50.87022, -4.549713 50.929007, -4.530487 51.035349, -4.397278 51.007706, -4.286041 51.014619, -4.243469 51.212045, -3.724365 51.249882, -3.858948 51.146617, -3.587723 51.050459, -3.611298 51.008192, -3.527527 51.0056, -3.509674 51.034971, -3.373718 51.01856, -2.887001 50.802246, -2.889748 50.789009, -2.958412 50.763391, -2.946854 50.716488, -2.991714 50.698197, -3.236847 50.674706, -3.354263 50.60198, -3.4655 50.581929, -3.500061 50.514354, -3.508759 50.482415, -3.4655 50.463187, -3.478546 50.449635, -3.545151 50.445699, -3.549271 50.421644, -3.545837 50.407642, -3.474426 50.401515, -3.496399 50.376999, -3.519974 50.340257, -3.604202 50.316093, -3.644028 50.287146, -3.645172 50.223598, -3.713837 50.195474, -3.797607 50.206022, -3.874512 50.235018, -3.899231 50.286817, -4.007721 50.300854, -4.035187 50.29156, -4.118958 50.318751, -4.127884 50.347021, -4.088631 50.342831, -4.054184 50.360849, -4.053955 50.375686, -4.023056 50.376562, -4.015503 50.39101, -4.115067 50.442201, -4.156952 50.43914, -4.197006 50.429094))"
Decarbonisation of Buses (fully-funded),"POLYGON((-4.197006 50.429094, -4.395905 50.772076, -4.497528 50.795519, -4.421082 50.87022, -4.549713 50.929007, -4.530487 51.035349, -4.397278 51.007706, -4.286041 51.014619, -4.243469 51.212045, -3.724365 51.249882, -3.858948 51.146617, -3.587723 51.050459, -3.611298 51.008192, -3.527527 51.0056, -3.509674 51.034971, -3.373718 51.01856, -2.887001 50.802246, -2.889748 50.789009, -2.958412 50.763391, -2.946854 50.716488, -2.991714 50.698197, -3.236847 50.674706, -3.354263 50.60198, -3.4655 50.581929, -3.500061 50.514354, -3.508759 50.482415, -3.4655 50.463187, -3.478546 50.449635, -3.545151 50.445699, -3.549271 50.421644, -3.545837 50.407642, -3.474426 50.401515, -3.496399 50.376999, -3.519974 50.340257, -3.604202 50.316093, -3.644028 50.287146, -3.645172 50.223598, -3.713837 50.195474, -3.797607 50.206022, -3.874512 50.235018, -3.899231 50.286817, -4.007721 50.300854, -4.035187 50.29156, -4.118958 50.318751, -4.127884 50.347021, -4.088631 50.342831, -4.054184 50.360849, -4.053955 50.375686, -4.023056 50.376562, -4.015503 50.39101, -4.115067 50.442201, -4.156952 50.43914, -4.197006 50.429094))"
Multi-Operator Ticketing Set-Up,"POLYGON((-4.197006 50.429094, -4.395905 50.772076, -4.497528 50.795519, -4.421082 50.87022, -4.549713 50.929007, -4.530487 51.035349, -4.397278 51.007706, -4.286041 51.014619, -4.243469 51.212045, -3.724365 51.249882, -3.858948 51.146617, -3.587723 51.050459, -3.611298 51.008192, -3.527527 51.0056, -3.509674 51.034971, -3.373718 51.01856, -2.887001 50.802246, -2.889748 50.789009, -2.958412 50.763391, -2.946854 50.716488, -2.991714 50.698197, -3.236847 50.674706, -3.354263 50.60198, -3.4655 50.581929, -3.500061 50.514354, -3.508759 50.482415, -3.4655 50.463187, -3.478546 50.449635, -3.545151 50.445699, -3.549271 50.421644, -3.545837 50.407642, -3.474426 50.401515, -3.496399 50.376999, -3.519974 50.340257, -3.604202 50.316093, -3.644028 50.287146, -3.645172 50.223598, -3.713837 50.195474, -3.797607 50.206022, -3.874512 50.235018, -3.899231 50.286817, -4.007721 50.300854, -4.035187 50.29156, -4.118958 50.318751, -4.127884 50.347021, -4.088631 50.342831, -4.054184 50.360849, -4.053955 50.375686, -4.023056 50.376562, -4.015503 50.39101, -4.115067 50.442201, -4.156952 50.43914, -4.197006 50.429094))"
Real Time Info,"POLYGON((-4.197006 50.429094, -4.395905 50.772076, -4.497528 50.795519, -4.421082 50.87022, -4.549713 50.929007, -4.530487 51.035349, -4.397278 51.007706, -4.286041 51.014619, -4.243469 51.212045, -3.724365 51.249882, -3.858948 51.146617, -3.587723 51.050459, -3.611298 51.008192, -3.527527 51.0056, -3.509674 51.034971, -3.373718 51.01856, -2.887001 50.802246, -2.889748 50.789009, -2.958412 50.763391, -2.946854 50.716488, -2.991714 50.698197, -3.236847 50.674706, -3.354263 50.60198, -3.4655 50.581929, -3.500061 50.514354, -3.508759 50.482415, -3.4655 50.463187, -3.478546 50.449635, -3.545151 50.445699, -3.549271 50.421644, -3.545837 50.407642, -3.474426 50.401515, -3.496399 50.376999, -3.519974 50.340257, -3.604202 50.316093, -3.644028 50.287146, -3.645172 50.223598, -3.713837 50.195474, -3.797607 50.206022, -3.874512 50.235018, -3.899231 50.286817, -4.007721 50.300854, -4.035187 50.29156, -4.118958 50.318751, -4.127884 50.347021, -4.088631 50.342831, -4.054184 50.360849, -4.053955 50.375686, -4.023056 50.376562, -4.015503 50.39101, -4.115067 50.442201, -4.156952 50.43914, -4.197006 50.429094))"
Electric Infrastructure,"POLYGON((-4.197006 50.429094, -4.395905 50.772076, -4.497528 50.795519, -4.421082 50.87022, -4.549713 50.929007, -4.530487 51.035349, -4.397278 51.007706, -4.286041 51.014619, -4.243469 51.212045, -3.724365 51.249882, -3.858948 51.146617, -3.587723 51.050459, -3.611298 51.008192, -3.527527 51.0056, -3.509674 51.034971, -3.373718 51.01856, -2.887001 50.802246, -2.889748 50.789009, -2.958412 50.763391, -2.946854 50.716488, -2.991714 50.698197, -3.236847 50.674706, -3.354263 50.60198, -3.4655 50.581929, -3.500061 50.514354, -3.508759 50.482415, -3.4655 50.463187, -3.478546 50.449635, -3.545151 50.445699, -3.549271 50.421644, -3.545837 50.407642, -3.474426 50.401515, -3.496399 50.376999, -3.519974 50.340257, -3.604202 50.316093, -3.644028 50.287146, -3.645172 50.223598, -3.713837 50.195474, -3.797607 50.206022, -3.874512 50.235018, -3.899231 50.286817, -4.007721 50.300854, -4.035187 50.29156, -4.118958 50.318751, -4.127884 50.347021, -4.088631 50.342831, -4.054184 50.360849, -4.053955 50.375686, -4.023056 50.376562, -4.015503 50.39101, -4.115067 50.442201, -4.156952 50.43914, -4.197006 50.429094))"
Pinch Point Schemes,"POLYGON((-4.197006 50.429094, -4.395905 50.772076, -4.497528 50.795519, -4.421082 50.87022, -4.549713 50.929007, -4.530487 51.035349, -4.397278 51.007706, -4.286041 51.014619, -4.243469 51.212045, -3.724365 51.249882, -3.858948 51.146617, -3.587723 51.050459, -3.611298 51.008192, -3.527527 51.0056, -3.509674 51.034971, -3.373718 51.01856, -2.887001 50.802246, -2.889748 50.789009, -2.958412 50.763391, -2.946854 50.716488, -2.991714 50.698197, -3.236847 50.674706, -3.354263 50.60198, -3.4655 50.581929, -3.500061 50.514354, -3.508759 50.482415, -3.4655 50.463187, -3.478546 50.449635, -3.545151 50.445699, -3.549271 50.421644, -3.545837 50.407642, -3.474426 50.401515, -3.496399 50.376999, -3.519974 50.340257, -3.604202 50.316093, -3.644028 50.287146, -3.645172 50.223598, -3.713837 50.195474, -3.797607 50.206022, -3.874512 50.235018, -3.899231 50.286817, -4.007721 50.300854, -4.035187 50.29156, -4.118958 50.318751, -4.127884 50.347021, -4.088631 50.342831, -4.054184 50.360849, -4.053955 50.375686, -4.023056 50.376562, -4.015503 50.39101, -4.115067 50.442201, -4.156952 50.43914, -4.197006 50.429094))"
Bovey Tracey Gateway,"POLYGON((-3.6795 50.5928, -3.6758 50.5935, -3.674 50.5908, -3.6772 50.5888, -3.6802 50.5905, -3.6795 50.5928))"